Country_Name,Country_code,Series_Name,Series_Code,2010,2011,2012,2013,2014,2015,2016,2017,2018,2019,,,
Sudan,SDN,Access to clean fuels and technologies for cooking (% of population),EG.CFT.ACCS.ZS,28.94,30.82,32.75,34.71,36.93,38.95,41.29,..,..,..,,,
Sudan,SDN,Access to electricity (% of population),EG.ELC.ACCS.ZS,40.5594100952,41.4246101379,42.3397903442,43.2994728088,44.9,49.3679237366,53.0481376648,56.5,59.7835350037,..,,,
Sudan,SDN,"Account ownership at a financial institution or with a mobile-money-service provider, older adults (% of population ages 25+)",FX.OWN.TOTL.OL.ZS,..,7.8565015793,..,..,17.0081825256,..,..,..,..,..,,
Sudan,SDN,"Adolescent fertility rate (births per 1,000 women ages 15-19)",SP.ADO.TFRT,92.1528,86.0804,80.008,76.805,73.602,70.399,67.196,63.993,60.796,..,,
Sudan,SDN,Adults (ages 15+) and children (ages 0-14) newly infected with HIV,SH.HIV.INCD.TL,3600,3600,3600,3600,3600,3500,3500,3500,3500,3500,,,
Sudan,SDN,Agricultural land (% of land area),AG.LND.AGRI.ZS,..,36.883468808,36.8810974797,36.8743181414,36.8703498701,36.870314183,36.8725274105,36.8725522948,36.8726567372,..,,,
Sudan,SDN,Agricultural irrigated land (% of total agricultural land),AG.LND.IRIG.AG.ZS,..,2.1726586305,..,..,..,..,..,..,..,..,,,
Sudan,SDN,Agricultural land (sq. km),AG.LND.AGRI.K2,..,682113.6,682071.6,681945.6,681861.6,681861.6,681861.6,681861.6,681861.6,..,,,
Sudan,SDN,Age dependency ratio (% of working-age population),SP.POP.DPND,86.0843287858,85.3867217647,84.5672755169,83.65160373,82.6673347888,81.6455446194,80.7587155227,79.8232301002,78.8587280522,77.8822092521,,,
Sudan,SDN,"Air transport, passengers carried",IS.AIR.PSGR,580325,947031.456113152,777346.331924026,541644,501864,496177,292843,557792.04,561520,530001,,
Sudan,SDN,CO2 emissions (kg per 2010 US$ of GDP),EN.ATM.CO2E.KD.GD,0.2740436089,0.27459252,0.255447078,0.2586042433,0.2577644193,0.3074359172,0.2963519675,..,..,..,,,
Sudan,SDN,Children (0-14) living with HIV,SH.HIV.0014,3700,3800,3900,4000,4000,4100,4100,4100,4100,4000,,,
Sudan,SDN,"Children in employment, self-employed (% of children in employment, ages 7-14)",SL.SLF.0714.ZS,..,..,..,..,..,..,..,..,..,..,
Sudan,SDN,"Children in employment, female (% of female children ages 7-14)",SL.TLF.0714.FE.ZS,..,..,..,..,26.8674516848,..,..,..,..,..,,
Sudan,SDN,"Children in employment, male (% of male children ages 7-14)",SL.TLF.0714.MA.ZS,..,..,..,..,34.2583960979,..,..,..,..,..,,
Sudan,SDN,"CO2 emissions from electricity and heat production, total (% of total fuel combustion)",EN.CO2.ETOT.ZS,11.0220440882,15.6918687589,15.4578754579,15.7427937916,16.4917541229,..,..,..,..,..,,
Sudan,SDN,CO2 emissions from gaseous fuel consumption (% of total),EN.ATM.CO2E.GF.ZS,0,0,0,0,0,0,0,..,..,..,,,
Sudan,SDN,"Death rate, crude (per 1,000 people)",SP.DYN.CDRT.IN,8.122,7.946,7.788,7.649,7.53,7.428,7.34,7.261,7.188,..,
Sudan,SDN,Forest area (% of land area),AG.LND.FRST.ZS,..,10.7641357195,10.6698867586,10.57567675,10.4816200942,10.3873887976,10.3005493768,10.2074585707,10.1143894621,..,,,
Sudan,SDN,GDP (current US$),NY.GDP.MKTP.CD,58167563412.7594,57060450038.1388,52766746152.1786,57730380599.5285,64941713057.3775,74294508239.5524,51772232494.854,45021077955.328,33128480498.7296,30513456084.7961,,,
Sudan,SDN,HFC gas emissions (thousand metric tons of CO2 equivalent),EN.ATM.HFCG.KT.CE,0,..,..,..,..,..,..,..,..,..,,,
Sudan,SDN,"Hospital beds (per 1,000 people)",SH.MED.BEDS.ZS,0.72,0.84,0.82,0.82,8.01,0.67,6.74,0.74,..,..,,
Sudan,SDN,"Incidence of HIV, all (per 1,000 uninfected population)",SH.HIV.INCD.TL.P3,0.11,0.11,0.1,0.1,0.1,0.09,0.09,0.09,0.09,0.08,
Sudan,SDN,"Incidence of malaria (per 1,000 population at risk)",SH.MLR.INCD.P3,30.6644542104,29.9684217756,30.1611760319,31.4542388568,33.3845766209,35.8794917033,41.7325000584,46.751926904,46.7519228721,..,,
Sudan,SDN,"Incidence of tuberculosis (per 100,000 people)",SH.TBS.INCD,119,105,103,100,94,88,82,77,71,67,,
Sudan,SDN,Income share held by highest 10%,SI.DST.10TH.10,..,..,..,..,27.8,..,..,..,..,..,,,
Sudan,SDN,Income share held by lowest 10%,SI.DST.FRST.10,..,..,..,..,3.2,..,..,..,..,..,,,
Sudan,SDN,"Life expectancy at birth, total (years)",SP.DYN.LE00.IN,62.764,63.171,63.542,63.875,64.169,64.429,64.663,64.881,65.095,..,,
Sudan,SDN,"Life expectancy at birth, female (years)",SP.DYN.LE00.FE.IN,64.545,64.926,65.284,65.615,65.919,66.198,66.457,66.705,66.947,..,,
Sudan,SDN,"Life expectancy at birth, male (years)",SP.DYN.LE00.MA.IN,61.031,61.457,61.838,62.17,62.453,62.693,62.9,63.09,63.277,..,,
Sudan,SDN,"Mortality rate, infant (per 1,000 live births)",SP.DYN.IMRT.IN,50.6,49.5,48.4,47.3,46.2,45.2,44.2,43.1,42,41,
Sudan,SDN,"Mortality rate, adult, female (per 1,000 female adults)",SP.DYN.AMRT.FE,210.42,206.139,201.859,199.383,196.906,194.43,191.953,189.477,187.141,..
Sudan,SDN,"Part time employment, total (% of total employment)",SL.TLF.PART.ZS,..,..,..,..,..,..,..,..,..,..,,
Sudan,SDN,"Over-age students, primary, male (% of male enrollment)",SE.PRM.OENR.MA.ZS,..,12.6958,..,25.21696,25.217,25.21696,25.21698,19.04807,..,..,
Sudan,SDN,"Population, total",SP.POP.TOTL,34545013,35349681,36193783,37072550,37977655,38902950,39847440,40813396,41801533,42813238,,
Sudan,SDN,"Population, male",SP.POP.TOTL.MA.IN,17232282,17629960,18053321,18498013,18956885,19424628,19900233,20385465,20880946,21387956,,
Sudan,SDN,"Population, female",SP.POP.TOTL.FE.IN,17312731,17719721,18140462,18574537,19020770,19478322,19947207,20427931,20920587,21425282,,
Sudan,SDN,"Primary education, duration (years)",SE.PRM.DURS,6,6,6,6,6,6,6,6,6,6,,
Sudan,SDN,"Primary completion rate, total (% of relevant age group)",SE.PRM.CMPT.ZS,61.1194801331,..,57.5498313904,58.0936698914,58.2490386963,59.2430496216,59.8370780945,61.6876411438,..,..,,
Sudan,SDN,"Primary completion rate, female (% of relevant age group)",SE.PRM.CMPT.FE.ZS,54.7226409912,..,53.4099807739,55.3493804932,55.0744781494,56.238079071,57.7846717834,60.4136390686,..,..,,
Sudan,SDN,"Primary completion rate, male (% of relevant age group)",SE.PRM.CMPT.MA.ZS,67.3629074097,..,61.5918884277,60.7732582092,61.3474388123,62.1741790771,61.8380584717,62.9293403625,..,..,,
Sudan,SDN,Ratio of female to male labor force participation rate (%) (national estimate),SL.TLF.CACT.FM.NE.ZS,..,40.4367697844,..,..,..,..,..,..,..,..,,,
Sudan,SDN,Ratio of female to male labor force participation rate (%) (modeled ILO estimate),SL.TLF.CACT.FM.ZS,39.4279317997,39.6444716004,39.9943166919,40.3884633568,40.8183771462,41.2707580126,41.6981116197,42.15900559,42.6229522384,43.1067396084,,,
Sudan,SDN,Rural population,SP.RUR.TOTL,23114414,23611112,24124604,24650651,25183363,25717184,26251095,26785832,27320646,27856005,,,
Sudan,SDN,Rural population growth (annual %),SP.RUR.TOTL.ZG,2.0848449882,2.126104306,2.1514783907,2.1571077294,2.1380268201,2.0975828517,2.0548295859,2.0165388559,1.9769589092,1.9405882417,,,
Sudan,SDN,"School enrollment, primary and secondary (gross), gender parity index (GPI)",SE.ENR.PRSC.FM.ZS,0.8876399994,0.8930799961,0.8957099915,0.9106000066,0.918290019,0.9348499775,0.946269989,0.9622600079,..,..,
Sudan,SDN,"School enrollment, primary, female (% gross)",SE.PRM.ENRR.FE,67.7690429688,65.1722183228,66.6771316528,68.0566635132,69.3306503296,69.7847137451,73.2209396362,74.4110870361,..,..,
Sudan,SDN,"School enrollment, primary, male (% gross)",SE.PRM.ENRR.MA,75.5855331421,73.6742782593,74.9868774414,75.8766021729,75.1311569214,76.4211425781,78.5237808228,79.1574478149,..,..,
Sudan,SDN,"Secondary education, teachers",SE.SEC.TCHR,..,..,..,..,..,..,..,..,..,..,,
Sudan,SDN,Total greenhouse gas emissions (kt of CO2 equivalent),EN.ATM.GHGT.KT.CE,487562.733687685,489798.213265019,491982.266532203,..,..,..,..,..,..,..,,,
Sudan,SDN,Trained teachers in upper secondary education (% of total teachers),SE.SEC.TCAQ.UP.ZS,..,..,65.7018203735,67.5370788574,69.6972122192,66.1508636475,63.4630508423,64.7095794678,..,..,,,
Sudan,SDN,"Trained teachers in upper secondary education, male (% of male teachers)",SE.SEC.TCAQ.UP.MA.ZS,..,..,64.8070678711,66.5677719116,68.0779190063,65.5300292969,61.496761322,61.3051986694,..,..,,
Sudan,SDN,"Trained teachers in upper secondary education, female (% of female teachers)",SE.SEC.TCAQ.UP.FE.ZS,..,..,66.5673217773,68.4064865112,71.4940567017,66.7871780396,66.1228027344,68.649559021,..,..,,
Sudan,SDN,Tuberculosis treatment success rate (% of new cases),SH.TBS.CURE.ZS,75,68,75,82,82,79,78,80,84,..,,,
Sudan,SDN,"Tuberculosis case detection rate (%, all forms)",SH.TBS.DTEC.ZS,50,52,50,52,54,55,63,65,67,69,,
Sudan,SDN,"Unemployment with advanced education, male (% of male labor force with advanced education)",SL.UEM.ADVN.MA.ZS,..,26.1599998474,..,..,..,..,..,..,..,..,,
Sudan,SDN,"Unemployment with basic education, female (% of female labor force with basic education)",SL.UEM.BASC.FE.ZS,..,42.6399993896,..,..,..,..,..,..,..,..,,
Sudan,SDN,"Unemployment with basic education, male (% of male labor force with basic education)",SL.UEM.BASC.MA.ZS,..,13.1999998093,..,..,..,..,..,..,..,..,,
Sudan,SDN,"Unemployment with advanced education, female (% of female labor force with advanced education)",SL.UEM.ADVN.FE.ZS,..,48.9099998474,..,..,..,..,..,..,..,..,,
Sudan,SDN,"Unemployment, total (% of total labor force) (modeled ILO estimate)",SL.UEM.TOTL.ZS,15.1700000763,17.4400005341,17.4500007629,17.4699993134,17.3600006104,17.2900009155,17.1900005341,17.0200004578,16.8700008392,16.7600002289,,
Sudan,SDN,"Unemployment, total (% of total labor force) (national estimate)",SL.UEM.TOTL.NE.ZS,..,17.4400005341,..,..,..,..,..,..,..,..,,
Sudan,SDN,"Wage and salaried workers, total (% of total employment) (modeled ILO estimate)",SL.EMP.WORK.ZS,41.4000015259,42.4300003052,43.4500007629,43.8699989319,44.1399993896,44.6300010681,45.1500015259,45.7299995422,45.7299995422,45.6599998474,,
Sudan,SDN,"Wage and salaried workers, female (% of female employment) (modeled ILO estimate)",SL.EMP.WORK.FE.ZS,31.3999996185,31.8600006104,32.6500015259,32.9700012207,33.25,33.6199989319,34.4099998474,35.2799987793,35.9599990845,36.5200004578,,
Sudan,SDN,"Wage and salaried workers, male (% of male employment) (modeled ILO estimate)",SL.EMP.WORK.MA.ZS,44.7099990845,45.8499984741,47.0200004578,47.4399986267,47.7400016785,48.3100013733,48.7999992371,49.3300018311,49.1599998474,48.8800010681,,
Sudan,SDN,"Vulnerable employment, total (% of total employment) (modeled ILO estimate)",SL.EMP.VULN.ZS,55.6999988556,54.1299991608,53.279999733,52.7399988174,52.5699996948,52.1399993896,51.5299978256,50.8900003433,51.1199998856,51.2699985504,,
Sudan,SDN,Women who were first married by age 15 (% of women ages 20-24),SP.M15.2024.FE.ZS,..,..,..,..,11.9,..,..,..,..,..,,,
Rwanda,RWA,Access to clean fuels and technologies for cooking (% of population),EG.CFT.ACCS.ZS,0.47,0.48,0.51,0.52,0.54,0.56,0.57,..,..,..,,,
Rwanda,RWA,Access to electricity (% of population),EG.ELC.ACCS.ZS,9.7,10.8,17.5,15.2,19.8,22.8,29.37,34.1,34.7165718079,..,,,
Rwanda,RWA,"Account ownership at a financial institution or with a mobile-money-service provider, older adults (% of population ages 25+)",FX.OWN.TOTL.OL.ZS,..,39.8800621033,..,..,50.8827819824,..,..,54.3657951355,..,..,,
Rwanda,RWA,"Adolescent fertility rate (births per 1,000 women ages 15-19)",SP.ADO.TFRT,40.495,40.52,40.545,40.2588,39.9726,39.6864,39.4002,39.114,38.852,..,,
Rwanda,RWA,Adults (ages 15+) and children (ages 0-14) newly infected with HIV,SH.HIV.INCD.TL,9900,8600,8100,7300,6800,6400,6200,5800,5600,5300,,,
Rwanda,RWA,Agricultural land (% of land area),AG.LND.AGRI.ZS,73.1220105391,73.6295095257,73.6007296311,74.6858532631,73.3481961897,73.4373733279,73.4373733279,73.4373733279,73.4373733279,..,,,
Rwanda,RWA,Agricultural irrigated land (% of total agricultural land),AG.LND.IRIG.AG.ZS,..,..,..,..,..,..,..,..,..,..,,,
Rwanda,RWA,Agricultural land (sq. km),AG.LND.AGRI.K2,18039.2,18164.4,18157.3,18425,18095,18117,18117,18117,18117,..,,,
Rwanda,RWA,Age dependency ratio (% of working-age population),SP.POP.DPND,78.9242238026,78.5873333898,78.0208572565,77.3390570189,76.7361260602,76.3058046878,75.7149401138,75.3951792639,75.1735974402,74.8077100653,,,
Rwanda,RWA,"Air transport, passengers carried",IS.AIR.PSGR,188221,268376.55,593198.45,610992,626928,544541,644559,1031957.04,1502478,1561562.21422701,,
Rwanda,RWA,CO2 emissions (kg per 2010 US$ of GDP),EN.ATM.CO2E.KD.GD,0.0964035543,0.1003897289,0.1031255605,0.1087153296,0.1060736898,0.1105200944,0.1210117537,..,..,..,,,
Rwanda,RWA,Children (0-14) living with HIV,SH.HIV.0014,27000,26000,25000,23000,22000,20000,18000,17000,15000,14000,,,
Rwanda,RWA,"Children in employment, self-employed (% of children in employment, ages 7-14)",SL.SLF.0714.ZS,..,12.33,..,..,..,..,..,..,..,..,
Rwanda,RWA,"Children in employment, female (% of female children ages 7-14)",SL.TLF.0714.FE.ZS,19.8,5.009021,..,..,5.7,..,..,..,..,..,,
Rwanda,RWA,"Children in employment, male (% of male children ages 7-14)",SL.TLF.0714.MA.ZS,18.4,4.992462,..,..,6,..,..,..,..,..,,
Rwanda,RWA,"CO2 emissions from electricity and heat production, total (% of total fuel combustion)",EN.CO2.ETOT.ZS,..,..,..,..,..,..,..,..,..,..,,
Rwanda,RWA,CO2 emissions from gaseous fuel consumption (% of total),EN.ATM.CO2E.GF.ZS,0,0.5524861878,0.495049505,0.4484304933,0.8658008658,1.1450381679,4.9342105263,..,..,..,,,
Rwanda,RWA,"Death rate, crude (per 1,000 people)",SP.DYN.CDRT.IN,7.31,6.79,6.384,6.059,5.801,5.597,5.435,5.308,5.208,..,
Rwanda,RWA,Forest area (% of land area),AG.LND.FRST.ZS,10.7417916498,10.7823267126,10.8228617754,10.8633968383,10.9039319011,10.9444669639,11.0255370896,11.0660721524,11.1066072152,..,,,
Rwanda,RWA,GDP (current US$),NY.GDP.MKTP.CD,6124120673.41998,6884889635.54451,7655138385.44374,7819538349.2413,8246166341.35632,8545441361.06541,8697268915.96904,9253098954.27769,9635951159.79293,10354417725.1555,,,
Rwanda,RWA,HFC gas emissions (thousand metric tons of CO2 equivalent),EN.ATM.HFCG.KT.CE,..,..,..,..,..,..,..,..,..,..,,,
Rwanda,RWA,"Hospital beds (per 1,000 people)",SH.MED.BEDS.ZS,..,..,..,..,..,..,..,..,..,..,,
Rwanda,RWA,"Incidence of HIV, all (per 1,000 uninfected population)",SH.HIV.INCD.TL.P3,1.04,0.88,0.81,0.71,0.64,0.58,0.55,0.51,0.48,0.44,
Rwanda,RWA,"Incidence of malaria (per 1,000 population at risk)",SH.MLR.INCD.P3,126.3149024368,39.2862059354,71.4576989532,121.44978818,219.8060761507,341.9628314234,585.5373319808,538.3392482739,486.4873257281,..,,
Rwanda,RWA,"Incidence of tuberculosis (per 100,000 people)",SH.TBS.INCD,83,80,72,66,65,61,62,58,59,57,,
Rwanda,RWA,Income share held by highest 10%,SI.DST.10TH.10,39.8,..,..,37.9,..,..,35.6,..,..,..,,,
Rwanda,RWA,Income share held by lowest 10%,SI.DST.FRST.10,2.3,..,..,2.4,..,..,2.4,..,..,..,,,
Rwanda,RWA,"Life expectancy at birth, total (years)",SP.DYN.LE00.IN,63.433,64.523,65.438,66.219,66.884,67.45,67.93,68.341,68.7,..,,
Rwanda,RWA,"Life expectancy at birth, female (years)",SP.DYN.LE00.FE.IN,65.11,66.275,67.258,68.101,68.821,69.434,69.954,70.398,70.784,..,,
Rwanda,RWA,"Life expectancy at birth, male (years)",SP.DYN.LE00.MA.IN,61.672,62.683,63.527,64.245,64.854,65.371,65.81,66.187,66.518,..,,
Rwanda,RWA,"Mortality rate, infant (per 1,000 live births)",SP.DYN.IMRT.IN,43.8,39.8,37,34.5,32.5,30.9,29.6,28.4,27.3,26.3,
Rwanda,RWA,"Mortality rate, adult, female (per 1,000 female adults)",SP.DYN.AMRT.FE,221.926,207.968,194.009,188.159,182.308,176.457,170.607,164.756,161.59,..
Rwanda,RWA,"Part time employment, total (% of total employment)",SL.TLF.PART.ZS,..,..,..,..,65.4199981689,..,..,56.0600013733,55.0099983215,55.2900009155,,
Rwanda,RWA,"Over-age students, primary, male (% of male enrollment)",SE.PRM.OENR.MA.ZS,..,..,..,..,..,..,27.27212,26.99966,25.69242,..,
Rwanda,RWA,"Population, total",SP.POP.TOTL,10039338,10293331,10549678,10811543,11083635,11369071,11668818,11980937,12301939,12626950,,
Rwanda,RWA,"Population, male",SP.POP.TOTL.MA.IN,4920879,5047257,5174930,5305371,5440795,5582650,5731375,5886052,6045042,6206092,,
Rwanda,RWA,"Population, female",SP.POP.TOTL.FE.IN,5118459,5246074,5374748,5506172,5642840,5786421,5937443,6094885,6256897,6420858,,
Rwanda,RWA,"Primary education, duration (years)",SE.PRM.DURS,6,6,6,6,6,6,6,6,6,6,,
Rwanda,RWA,"Primary completion rate, total (% of relevant age group)",SE.PRM.CMPT.ZS,71.8742904663,..,71.1614303589,69.1487808228,62.9904708862,63.3508682251,69.0601425171,78.1988067627,86.5463485718,97.4003295898,,
Rwanda,RWA,"Primary completion rate, female (% of relevant age group)",SE.PRM.CMPT.FE.ZS,76.4071121216,..,75.8168334961,74.9760131836,68.4154434204,68.9898071289,75.5383834839,88.13646698,93.7699813843,104.1285095215,,
Rwanda,RWA,"Primary completion rate, male (% of relevant age group)",SE.PRM.CMPT.MA.ZS,67.3234863281,..,66.4810562134,63.2852287292,57.5281600952,57.6701812744,62.5343284607,68.1945114136,79.2791976929,90.6365280151,,
Rwanda,RWA,Ratio of female to male labor force participation rate (%) (national estimate),SL.TLF.CACT.FM.NE.ZS,..,..,94.8446775318,..,100.335568997,..,..,73.0090645759,71.6555860852,72.1993035487,,,
Rwanda,RWA,Ratio of female to male labor force participation rate (%) (modeled ILO estimate),SL.TLF.CACT.FM.ZS,98.9991775921,99.1624405891,99.3143465814,99.4785555507,99.6671831826,99.8928141408,100.1432606425,100.322855771,100.5512363459,100.8293298879,,,
Rwanda,RWA,Rural population,SP.RUR.TOTL,8339277,8549847,8762246,8979311,9203075,9435874,9678584,9929202,10184652,10440846,,,
Rwanda,RWA,Rural population growth (annual %),SP.RUR.TOTL.ZG,2.5840411873,2.4936866086,2.4538876728,2.4470888533,2.4614514027,2.4981141001,2.5396801256,2.5564502693,2.5401768911,2.4843732453,,,
Rwanda,RWA,"School enrollment, primary and secondary (gross), gender parity index (GPI)",SE.ENR.PRSC.FM.ZS,1.0143400431,1.026540041,1.0288900137,1.0324200392,1.037430048,1.0261100531,1.0154000521,1.015059948,1.011590004,1.0099500418,
Rwanda,RWA,"School enrollment, primary, female (% gross)",SE.PRM.ENRR.FE,150.0759429932,149.8710174561,149.1983947754,146.0068664551,142.0946350098,140.5658416748,141.1930236816,137.174331665,132.1252593994,129.9697875977,
Rwanda,RWA,"School enrollment, primary, male (% gross)",SE.PRM.ENRR.MA,146.3757476807,145.5323791504,145.9237823486,142.5942993164,138.670791626,138.6781158447,141.364730835,138.1909179688,133.9595031738,132.6541442871,
Rwanda,RWA,"Secondary education, teachers",SE.SEC.TCHR,..,20522,23335,25532,27116,29558,30805,30415,..,..,,
Rwanda,RWA,Total greenhouse gas emissions (kt of CO2 equivalent),EN.ATM.GHGT.KT.CE,6547.4749128601,6620.2467005781,6689.9488974334,..,..,..,..,..,..,..,,,
Rwanda,RWA,Trained teachers in upper secondary education (% of total teachers),SE.SEC.TCAQ.UP.ZS,..,..,..,..,..,..,..,54.0461387634,..,67.207359314,,,
Rwanda,RWA,"Trained teachers in upper secondary education, male (% of male teachers)",SE.SEC.TCAQ.UP.MA.ZS,..,..,..,..,..,..,..,56.1736793518,..,66.6666717529,,
Rwanda,RWA,"Trained teachers in upper secondary education, female (% of female teachers)",SE.SEC.TCAQ.UP.FE.ZS,..,..,..,..,..,..,..,49.4343910217,..,68.7017211914,,
Rwanda,RWA,Tuberculosis treatment success rate (% of new cases),SH.TBS.CURE.ZS,82,84,84,85,86,87,86,86,86,..,,,
Rwanda,RWA,"Tuberculosis case detection rate (%, all forms)",SH.TBS.DTEC.ZS,80,80,80,80,80,80,80,80,80,80,,
Rwanda,RWA,"Unemployment with advanced education, male (% of male labor force with advanced education)",SL.UEM.ADVN.MA.ZS,..,..,..,..,10.8800001144,..,..,16.4400005341,15.3999996185,15.3299999237,,
Rwanda,RWA,"Unemployment with basic education, female (% of female labor force with basic education)",SL.UEM.BASC.FE.ZS,..,..,..,..,1.1799999475,..,..,18.4899997711,15.9600000381,16.7399997711,,
Rwanda,RWA,"Unemployment with basic education, male (% of male labor force with basic education)",SL.UEM.BASC.MA.ZS,..,..,..,..,0.6100000143,..,..,15.1000003815,12.7700004578,13.1999998093,,
Rwanda,RWA,"Unemployment with advanced education, female (% of female labor force with advanced education)",SL.UEM.ADVN.FE.ZS,..,..,..,..,12.9600000381,..,..,23.9099998474,21.9599990845,19.2299995422,,
Rwanda,RWA,"Unemployment, total (% of total labor force) (modeled ILO estimate)",SL.UEM.TOTL.ZS,1.0700000525,1.1000000238,1.1399999857,1.1799999475,1.1699999571,1.1399999857,1.1100000143,1.0599999428,1.0199999809,0.9900000095,,
Rwanda,RWA,"Unemployment, total (% of total labor force) (national estimate)",SL.UEM.TOTL.NE.ZS,..,..,..,..,1.1699999571,..,..,17.3600006104,15.1099996567,15.3000001907,,
Rwanda,RWA,"Wage and salaried workers, total (% of total employment) (modeled ILO estimate)",SL.EMP.WORK.ZS,23.3299999237,25.5,27.1399993896,28.7999992371,30.7099990845,31.5900001526,32.0299987793,32.2099990845,32.9399986267,33.7099990845,,
Rwanda,RWA,"Wage and salaried workers, female (% of female employment) (modeled ILO estimate)",SL.EMP.WORK.FE.ZS,15.25,17.2600002289,18.4099998474,19.7099990845,21.3099994659,22.1499996185,22.3500003815,22.2900009155,23.0400009155,23.6800003052,,
Rwanda,RWA,"Wage and salaried workers, male (% of male employment) (modeled ILO estimate)",SL.EMP.WORK.MA.ZS,31.8700008392,34.2099990845,36.3800010681,38.4099998474,40.6599998474,41.5900001526,42.3300018311,42.7900009155,43.5200004578,44.4399986267,,
Rwanda,RWA,"Vulnerable employment, total (% of total employment) (modeled ILO estimate)",SL.EMP.VULN.ZS,76.6300010681,74.4600009918,72.8199996948,71.1599979401,69.2500019073,68.3800010681,67.9300003052,67.75,67.0100021362,66.2599983215,,
Rwanda,RWA,Women who were first married by age 15 (% of women ages 20-24),SP.M15.2024.FE.ZS,0.8,..,..,..,..,0.4,..,..,..,..,,,
Nigeria,NGA,Access to clean fuels and technologies for cooking (% of population),EG.CFT.ACCS.ZS,2.44,2.74,3.09,3.48,3.92,4.39,4.91,..,..,..,,,
Nigeria,NGA,Access to electricity (% of population),EG.ELC.ACCS.ZS,48,55.9,53.2793312073,55.6,54.9188957214,52.5,59.3,54.4,56.5,..,,,
Nigeria,NGA,"Account ownership at a financial institution or with a mobile-money-service provider, older adults (% of population ages 25+)",FX.OWN.TOTL.OL.ZS,..,33.8085517883,..,..,48.8893203735,..,..,44.0050735474,..,..,,
Nigeria,NGA,"Adolescent fertility rate (births per 1,000 women ages 15-19)",SP.ADO.TFRT,119.5004,118.2752,117.05,115.106,113.162,111.218,109.274,107.33,105.447,..,,
Nigeria,NGA,Adults (ages 15+) and children (ages 0-14) newly infected with HIV,SH.HIV.INCD.TL,120000,120000,120000,110000,100000,100000,100000,100000,100000,100000,,,
Nigeria,NGA,Agricultural land (% of land area),AG.LND.AGRI.ZS,74.461192178,74.6404976009,74.8198030238,74.9991084467,75.1784138696,75.3577192925,75.5370204333,75.7163169626,75.8956157976,..,,,
Nigeria,NGA,Agricultural irrigated land (% of total agricultural land),AG.LND.IRIG.AG.ZS,..,..,..,..,..,..,..,..,..,..,,,
Nigeria,NGA,Agricultural land (sq. km),AG.LND.AGRI.K2,678170.2,679803.26,681436.32,683069.38,684702.44,686335.5,687968.521,689601.5,691234.5,..,,,
Nigeria,NGA,Age dependency ratio (% of working-age population),SP.POP.DPND,87.8765850923,88.2445245183,88.492443052,88.5918157612,88.4984860808,88.2035952713,88.1540047647,87.8366516495,87.3150867716,86.6737825483,,,
Nigeria,NGA,"Air transport, passengers carried",IS.AIR.PSGR,4197375,4793913.27416044,4716148.08073056,4209624,4462001.62973012,4613169,4110075,4789878,7786143.99416227,6539048.35309011,,
Nigeria,NGA,CO2 emissions (kg per 2010 US$ of GDP),EN.ATM.CO2E.KD.GD,0.3158056485,0.345956242,0.2999638445,0.2937762589,0.2892339476,0.2510088761,0.2649071772,..,..,..,,,
Nigeria,NGA,Children (0-14) living with HIV,SH.HIV.0014,170000,170000,160000,160000,160000,150000,150000,150000,150000,150000,,,
Nigeria,NGA,"Children in employment, self-employed (% of children in employment, ages 7-14)",SL.SLF.0714.ZS,..,..,..,..,..,..,..,..,..,..,
Nigeria,NGA,"Children in employment, female (% of female children ages 7-14)",SL.TLF.0714.FE.ZS,18.7,36.04485,..,..,..,..,..,..,..,..,,
Nigeria,NGA,"Children in employment, male (% of male children ages 7-14)",SL.TLF.0714.MA.ZS,23.3,34.07294,..,..,..,..,..,..,..,..,,
Nigeria,NGA,"CO2 emissions from electricity and heat production, total (% of total fuel combustion)",EN.CO2.ETOT.ZS,34.1043571813,36.2259179977,37.3419721871,36.8225206277,39.0625,..,..,..,..,..,,
Nigeria,NGA,CO2 emissions from gaseous fuel consumption (% of total),EN.ATM.CO2E.GF.ZS,17.7069613544,21.283172287,24.2805201208,23.0467482672,25.1303294164,28.0129056747,26.470677837,..,..,..,,,
Nigeria,NGA,"Death rate, crude (per 1,000 people)",SP.DYN.CDRT.IN,14.27,13.942,13.623,13.307,12.994,12.686,12.39,12.114,11.86,..,
Nigeria,NGA,Forest area (% of land area),AG.LND.FRST.ZS,25.538807822,25.3595023991,25.1801969762,25.0008915533,24.8215861304,24.6422807075,24.4629795667,24.2836830374,24.1043842024,..,,,
Nigeria,NGA,GDP (current US$),NY.GDP.MKTP.CD,361456622215.721,404993594133.582,455501524575.498,508692961937.492,546676374567.721,486803295097.89,404650006428.613,375746469538.666,397190484464.308,448120428858.769,,,
Nigeria,NGA,HFC gas emissions (thousand metric tons of CO2 equivalent),EN.ATM.HFCG.KT.CE,574,..,..,..,..,..,..,..,..,..,,,
Nigeria,NGA,"Hospital beds (per 1,000 people)",SH.MED.BEDS.ZS,..,..,..,..,..,..,..,..,..,..,,
Nigeria,NGA,"Incidence of HIV, all (per 1,000 uninfected population)",SH.HIV.INCD.TL.P3,0.74,0.72,0.69,0.64,0.59,0.57,0.55,0.53,0.53,0.52,
Nigeria,NGA,"Incidence of malaria (per 1,000 population at risk)",SH.MLR.INCD.P3,398.9026202833,372.5571831051,347.7383259151,328.6545794073,314.4048620727,296.0814001504,281.3766366106,283.0640744536,291.9425141641,..,,
Nigeria,NGA,"Incidence of tuberculosis (per 100,000 people)",SH.TBS.INCD,219,219,219,219,219,219,219,219,219,219,,
Nigeria,NGA,Income share held by highest 10%,SI.DST.10TH.10,..,..,..,..,..,..,..,..,26.7,..,,,
Nigeria,NGA,Income share held by lowest 10%,SI.DST.FRST.10,..,..,..,..,..,..,..,..,2.9,..,,,
Nigeria,NGA,"Life expectancy at birth, total (years)",SP.DYN.LE00.IN,50.896,51.346,51.786,52.228,52.672,53.112,53.541,53.95,54.332,..,,
Nigeria,NGA,"Life expectancy at birth, female (years)",SP.DYN.LE00.FE.IN,51.656,52.12,52.579,53.042,53.506,53.967,54.415,54.843,55.244,..,,
Nigeria,NGA,"Life expectancy at birth, male (years)",SP.DYN.LE00.MA.IN,50.161,50.596,51.019,51.442,51.865,52.286,52.696,53.086,53.45,..,,
Nigeria,NGA,"Mortality rate, infant (per 1,000 live births)",SP.DYN.IMRT.IN,84.6,83.3,82.2,81.2,80.4,79.5,78.5,77.3,75.7,74.2,
Nigeria,NGA,"Mortality rate, adult, female (per 1,000 female adults)",SP.DYN.AMRT.FE,359.82,355.68,351.54,346.913,342.287,337.66,333.034,328.407,324.961,..
Nigeria,NGA,"Part time employment, total (% of total employment)",SL.TLF.PART.ZS,..,..,..,14.7600002289,..,..,..,..,..,41.2900009155,,
Nigeria,NGA,"Over-age students, primary, male (% of male enrollment)",SE.PRM.OENR.MA.ZS,12.84523,..,..,..,..,..,..,..,..,..,
Nigeria,NGA,"Population, total",SP.POP.TOTL,158503197,162805071,167228767,171765769,176404902,181137448,185960289,190873311,195874740,200963599,,
Nigeria,NGA,"Population, male",SP.POP.TOTL.MA.IN,80161188,82359445,84619340,86936449,89305019,91720561,94181405,96687437,99237756,101831872,,
Nigeria,NGA,"Population, female",SP.POP.TOTL.FE.IN,78342009,80445626,82609427,84829320,87099883,89416887,91778884,94185874,96636984,99131727,,
Nigeria,NGA,"Primary education, duration (years)",SE.PRM.DURS,6,6,6,6,6,6,6,6,6,6,,
Nigeria,NGA,"Primary completion rate, total (% of relevant age group)",SE.PRM.CMPT.ZS,73.7924880981,..,..,..,..,..,..,..,..,..,,
Nigeria,NGA,"Primary completion rate, female (% of relevant age group)",SE.PRM.CMPT.FE.ZS,68.9357070923,..,..,..,..,..,..,..,..,..,,
Nigeria,NGA,"Primary completion rate, male (% of relevant age group)",SE.PRM.CMPT.MA.ZS,78.4828414917,..,..,..,..,..,..,..,..,..,,
Nigeria,NGA,Ratio of female to male labor force participation rate (%) (national estimate),SL.TLF.CACT.FM.NE.ZS,..,88.601682411,..,87.6290381547,..,..,..,..,..,80.9328284994,,,
Nigeria,NGA,Ratio of female to male labor force participation rate (%) (modeled ILO estimate),SL.TLF.CACT.FM.ZS,85.6478629831,85.513077663,84.6178577326,83.8591250316,83.3529488437,82.9231006631,82.6490317248,80.5004131899,78.5551957602,76.8694570323,,,
Nigeria,NGA,Rural population,SP.RUR.TOTL,89586007,90574973,91564439,92550832,93526351,94484916,95429242,96354756,97263561,98156651,,,
Nigeria,NGA,Rural population growth (annual %),SP.RUR.TOTL.ZG,1.1055641798,1.0978802776,1.0865037093,1.0715052935,1.0485196751,1.0196977246,0.9944848691,0.9651703942,0.9387662163,0.9140264547,,,
Nigeria,NGA,"School enrollment, primary and secondary (gross), gender parity index (GPI)",SE.ENR.PRSC.FM.ZS,0.8972200155,0.9081699848,0.954400003,0.9525799751,0.9568200111,..,0.9303200245,..,..,..,
Nigeria,NGA,"School enrollment, primary, female (% gross)",SE.PRM.ENRR.FE,80.9638519287,87.4589996338,90.8625488281,92.8958511353,89.4271316528,..,82.1773300171,..,..,..,
Nigeria,NGA,"School enrollment, primary, male (% gross)",SE.PRM.ENRR.MA,89.1182174683,93.7626876831,93.2726898193,95.2935714722,90.7532196045,..,87.1711425781,..,..,..,
Nigeria,NGA,"Secondary education, teachers",SE.SEC.TCHR,390427,..,..,..,..,..,..,..,..,..,,
Nigeria,NGA,Total greenhouse gas emissions (kt of CO2 equivalent),EN.ATM.GHGT.KT.CE,292211.735427326,296799.948975518,301010.125866092,..,..,..,..,..,..,..,,,
Nigeria,NGA,Trained teachers in upper secondary education (% of total teachers),SE.SEC.TCAQ.UP.ZS,18.5296707153,..,..,..,..,..,..,..,..,..,,,
Nigeria,NGA,"Trained teachers in upper secondary education, male (% of male teachers)",SE.SEC.TCAQ.UP.MA.ZS,21.2842597961,..,..,..,..,..,..,..,..,..,,
Nigeria,NGA,"Trained teachers in upper secondary education, female (% of female teachers)",SE.SEC.TCAQ.UP.FE.ZS,15.2893400192,..,..,..,..,..,..,..,..,..,,
Nigeria,NGA,Tuberculosis treatment success rate (% of new cases),SH.TBS.CURE.ZS,81,85,86,86,87,84,86,86,87,..,,,
Nigeria,NGA,"Tuberculosis case detection rate (%, all forms)",SH.TBS.DTEC.ZS,24,24,25,25,22,22,24,24,24,27,,
Nigeria,NGA,"Unemployment with advanced education, male (% of male labor force with advanced education)",SL.UEM.ADVN.MA.ZS,..,..,..,..,..,..,10.470000267,..,..,14.3999996185,,
Nigeria,NGA,"Unemployment with basic education, female (% of female labor force with basic education)",SL.UEM.BASC.FE.ZS,..,..,..,..,..,..,6.1700000763,..,..,6.1300001144,,
Nigeria,NGA,"Unemployment with basic education, male (% of male labor force with basic education)",SL.UEM.BASC.MA.ZS,..,..,..,..,..,..,6.4600000381,..,..,10.3999996185,,
Nigeria,NGA,"Unemployment with advanced education, female (% of female labor force with advanced education)",SL.UEM.ADVN.FE.ZS,..,..,..,..,..,..,18.25,..,..,16.6900005341,,
Nigeria,NGA,"Unemployment, total (% of total labor force) (modeled ILO estimate)",SL.UEM.TOTL.ZS,3.7699999809,3.7699999809,3.7400000095,3.7000000477,4.5599999428,4.3099999428,7.0599999428,8.3900003433,8.4499998093,8.529999733,,
Nigeria,NGA,"Unemployment, total (% of total labor force) (national estimate)",SL.UEM.TOTL.NE.ZS,..,3.7699999809,..,3.7000000477,4.5599999428,4.3099999428,7.0599999428,8.3900003433,..,8.529999733,,
Nigeria,NGA,"Wage and salaried workers, total (% of total employment) (modeled ILO estimate)",SL.EMP.WORK.ZS,17.3600006104,18.8500003815,18.4400005341,18.0699996948,18.3700008392,17.7199993134,17.4099998474,18.5200004578,19.5499992371,20.1299991608,,
Nigeria,NGA,"Wage and salaried workers, female (% of female employment) (modeled ILO estimate)",SL.EMP.WORK.FE.ZS,12.75,13.9300003052,13.3500003815,12.8000001907,12.9600000381,12.4899997711,12.3199996948,13.2299995422,14.1099996567,14.6300001144,,
Nigeria,NGA,"Wage and salaried workers, male (% of male employment) (modeled ILO estimate)",SL.EMP.WORK.MA.ZS,21.2700004578,23.0200004578,22.7199993134,22.4699993134,22.75,21.9400005341,21.4699993134,22.7700004578,24.0200004578,24.7199993134,,
Nigeria,NGA,"Vulnerable employment, total (% of total employment) (modeled ILO estimate)",SL.EMP.VULN.ZS,82.3799982071,80.8900003433,81.2900037766,81.6500034332,81.350001812,81.9900016785,82.2899980545,81.1800012589,80.1599984169,79.5700025558,,
Nigeria,NGA,Women who were first married by age 15 (% of women ages 20-24),SP.M15.2024.FE.ZS,..,..,..,17.3,..,..,..,18.2,15.7,..,,,
Mozambique,MOZ,Access to clean fuels and technologies for cooking (% of population),EG.CFT.ACCS.ZS,3.4,3.46,3.48,3.56,3.56,3.62,3.69,..,..,..,,,
Mozambique,MOZ,Access to electricity (% of population),EG.ELC.ACCS.ZS,17.990064621,20.2,21.4001407623,22.7819461823,24.8,24,27.7186756134,29.2663784027,31.1,..,,,
Mozambique,MOZ,"Account ownership at a financial institution or with a mobile-money-service provider, older adults (% of population ages 25+)",FX.OWN.TOTL.OL.ZS,..,..,..,..,..,..,..,40.0344161987,..,..,,
Mozambique,MOZ,"Adolescent fertility rate (births per 1,000 women ages 15-19)",SP.ADO.TFRT,163.8182,161.4816,159.145,157.0412,154.9374,152.8336,150.7298,148.626,146.2508,..,,
Mozambique,MOZ,Adults (ages 15+) and children (ages 0-14) newly infected with HIV,SH.HIV.INCD.TL,160000,160000,150000,150000,150000,150000,150000,140000,140000,130000,,,
Mozambique,MOZ,Agricultural land (% of land area),AG.LND.AGRI.ZS,50.441084463,50.7035885958,50.9660927287,51.2285968616,51.4911009944,51.7536051273,52.1499910985,52.4319031511,52.6638927745,..,,,
Mozambique,MOZ,Agricultural irrigated land (% of total agricultural land),AG.LND.IRIG.AG.ZS,..,..,..,..,..,..,..,..,..,..,,,
Mozambique,MOZ,Agricultural land (sq. km),AG.LND.AGRI.K2,396658.6,398722.88,400787.16,402851.44,404915.72,406980,410097.1,412314,414138.32,..,,,
Mozambique,MOZ,Age dependency ratio (% of working-age population),SP.POP.DPND,95.1082591853,95.1167583343,95.0014133351,94.7240200502,94.2253308722,93.4988069292,92.735137531,91.7832200133,90.699816082,89.5606905305,,,
Mozambique,MOZ,"Air transport, passengers carried",IS.AIR.PSGR,558192,577019.814468816,559608.795668202,701472,739636.744147151,676028,632965,569211,540124,587364,,
Mozambique,MOZ,CO2 emissions (kg per 2010 US$ of GDP),EN.ATM.CO2E.KD.GD,0.2463456594,0.2702218042,0.2439099972,0.30707794,0.5738436356,0.413556077,0.4877152922,..,..,..,,,
Mozambique,MOZ,Children (0-14) living with HIV,SH.HIV.0014,160000,160000,160000,160000,160000,160000,160000,160000,150000,150000,,,
Mozambique,MOZ,"Children in employment, self-employed (% of children in employment, ages 7-14)",SL.SLF.0714.ZS,..,..,..,..,..,..,..,..,..,..,
Mozambique,MOZ,"Children in employment, female (% of female children ages 7-14)",SL.TLF.0714.FE.ZS,..,..,..,..,..,..,..,..,..,..,,
Mozambique,MOZ,"Children in employment, male (% of male children ages 7-14)",SL.TLF.0714.MA.ZS,..,..,..,..,..,..,..,..,..,..,,
Mozambique,MOZ,"CO2 emissions from electricity and heat production, total (% of total fuel combustion)",EN.CO2.ETOT.ZS,0.8403361345,4.9645390071,2.2900763359,7.1186440678,19.8966408269,..,..,..,..,..,,
Mozambique,MOZ,CO2 emissions from gaseous fuel consumption (% of total),EN.ATM.CO2E.GF.ZS,5.6300268097,5.6882821388,5.5229142186,8.4642233857,15.7391304348,26.8513284341,16.620498615,..,..,..,,,
Mozambique,MOZ,"Death rate, crude (per 1,000 people)",SP.DYN.CDRT.IN,12.89,12.387,11.832,11.24,10.628,10.025,9.463,8.964,8.544,..,
Mozambique,MOZ,Forest area (% of land area),AG.LND.FRST.ZS,49.558915537,49.2964114042,49.0339072713,48.7714031384,48.5088990056,48.2463948727,47.8500089015,47.5680968489,47.3361072255,..,,,
Mozambique,MOZ,GDP (current US$),NY.GDP.MKTP.CD,11104648673.0016,14381552432.9494,16350804543.0515,16974320551.0213,17716084107.5888,15950969018.9458,11936999283.1791,13219084261.3664,14845870050.7092,15291448211.603,,,
Mozambique,MOZ,HFC gas emissions (thousand metric tons of CO2 equivalent),EN.ATM.HFCG.KT.CE,131,..,..,..,..,..,..,..,..,..,,,
Mozambique,MOZ,"Hospital beds (per 1,000 people)",SH.MED.BEDS.ZS,..,0.7,..,..,..,..,..,..,..,..,,
Mozambique,MOZ,"Incidence of HIV, all (per 1,000 uninfected population)",SH.HIV.INCD.TL.P3,7.19,6.83,6.49,6.34,6.05,5.78,5.56,5.21,4.93,4.68,
Mozambique,MOZ,"Incidence of malaria (per 1,000 population at risk)",SH.MLR.INCD.P3,398.410229119,389.9215710594,381.7795053653,376.9797148378,364.8343586625,355.8754398389,344.8206301633,326.3972814136,305.3587351428,..,,
Mozambique,MOZ,"Incidence of tuberculosis (per 100,000 people)",SH.TBS.INCD,357,359,361,361,361,361,361,361,361,361,,
Mozambique,MOZ,Income share held by highest 10%,SI.DST.10TH.10,..,..,..,..,45.5,..,..,..,..,..,,,
Mozambique,MOZ,Income share held by lowest 10%,SI.DST.FRST.10,..,..,..,..,1.6,..,..,..,..,..,,,
Mozambique,MOZ,"Life expectancy at birth, total (years)",SP.DYN.LE00.IN,52.31,53.043,53.931,54.949,56.062,57.206,58.309,59.309,60.163,..,,
Mozambique,MOZ,"Life expectancy at birth, female (years)",SP.DYN.LE00.FE.IN,54.694,55.503,56.466,57.553,58.727,59.921,61.063,62.091,62.966,..,,
Mozambique,MOZ,"Life expectancy at birth, male (years)",SP.DYN.LE00.MA.IN,49.816,50.461,51.26,52.191,53.222,54.295,55.339,56.293,57.114,..,,
Mozambique,MOZ,"Mortality rate, infant (per 1,000 live births)",SP.DYN.IMRT.IN,72.4,68.8,66.4,64.7,63.2,61.5,59.8,57.9,56.4,54.8,
Mozambique,MOZ,"Mortality rate, adult, female (per 1,000 female adults)",SP.DYN.AMRT.FE,348.482,340.564,332.646,320.769,308.892,297.015,285.138,273.261,268.188,..
Mozambique,MOZ,"Part time employment, total (% of total employment)",SL.TLF.PART.ZS,..,..,..,..,..,51.4000015259,..,..,..,..,,
Mozambique,MOZ,"Over-age students, primary, male (% of male enrollment)",SE.PRM.OENR.MA.ZS,21.96524,20.96438,19.66609,19.15731,17.93531,17.19178,17.98923,18.28761,18.33234,..,
Mozambique,MOZ,"Population, total",SP.POP.TOTL,23531574,24187487,24862648,25560725,26286163,27042002,27829942,28649007,29495962,30366036,,
Mozambique,MOZ,"Population, male",SP.POP.TOTL.MA.IN,11351296,11676135,12010631,12356706,12716650,13092038,13483767,13891296,14312859,14745848,,
Mozambique,MOZ,"Population, female",SP.POP.TOTL.FE.IN,12180278,12511352,12852017,13204019,13569513,13949964,14346175,14757711,15183103,15620188,,
Mozambique,MOZ,"Primary education, duration (years)",SE.PRM.DURS,7,7,7,7,7,7,7,7,7,7,,
Mozambique,MOZ,"Primary completion rate, total (% of relevant age group)",SE.PRM.CMPT.ZS,58.9948501587,54.8782501221,52.0440597534,49.5456314087,48.8089981079,48.9531784058,..,47.1429100037,51.9876403809,54.7286911011,,
Mozambique,MOZ,"Primary completion rate, female (% of relevant age group)",SE.PRM.CMPT.FE.ZS,53.5831413269,49.9422187805,47.742729187,45.7004508972,45.4658088684,45.7509498596,..,44.0552406311,48.8050689697,51.2865715027,,
Mozambique,MOZ,"Primary completion rate, male (% of relevant age group)",SE.PRM.CMPT.MA.ZS,64.4810562134,59.8793182373,56.3985214233,53.4348106384,52.1871795654,52.1852989197,..,50.2493896484,55.1837882996,58.1791191101,,
Mozambique,MOZ,Ratio of female to male labor force participation rate (%) (national estimate),SL.TLF.CACT.FM.NE.ZS,..,..,..,..,..,97.5652428051,..,..,..,..,,,
Mozambique,MOZ,Ratio of female to male labor force participation rate (%) (modeled ILO estimate),SL.TLF.CACT.FM.ZS,101.0614967744,100.3552191545,99.6431730059,98.8871009085,98.0977262545,97.260794377,97.4780494557,97.7332792233,98.0273075975,98.3115472155,,,
Mozambique,MOZ,Rural population,SP.RUR.TOTL,16041474,16366221,16696263,17033667,17380937,17739553,18110056,18491502,18880955,19273930,,,
Mozambique,MOZ,Rural population growth (annual %),SP.RUR.TOTL.ZG,2.0100268928,2.0042022141,1.9965406308,2.0006875464,2.0182233536,2.0422748343,2.0670584835,2.0843911094,2.0842466866,2.0599663522,,,
Mozambique,MOZ,"School enrollment, primary and secondary (gross), gender parity index (GPI)",SE.ENR.PRSC.FM.ZS,0.8769299984,0.8880900145,0.8939499855,0.8989700079,0.9049500227,0.9060299993,..,0.9176899791,..,..,
Mozambique,MOZ,"School enrollment, primary, female (% gross)",SE.PRM.ENRR.FE,105.9441604614,102.2797164917,101.2250976563,102.3855361938,102.5018920898,103.4297714233,104.1363525391,103.6261978149,108.4134521484,112.3746109009,
Mozambique,MOZ,"School enrollment, primary, male (% gross)",SE.PRM.ENRR.MA,119.1756896973,114.2041473389,112.6154403687,113.3549804688,112.7158813477,113.8443222046,113.1637573242,112.000328064,116.7903518677,120.376449585,
Mozambique,MOZ,"Secondary education, teachers",SE.SEC.TCHR,19690,21553,22008,24317,25618,27040,31000,33281,..,..,,
Mozambique,MOZ,Total greenhouse gas emissions (kt of CO2 equivalent),EN.ATM.GHGT.KT.CE,379823.550388872,380073.237805556,380308.292508061,..,..,..,..,..,..,..,,,
Mozambique,MOZ,Trained teachers in upper secondary education (% of total teachers),SE.SEC.TCAQ.UP.ZS,..,..,..,95.0577392578,..,..,..,..,..,..,,,
Mozambique,MOZ,"Trained teachers in upper secondary education, male (% of male teachers)",SE.SEC.TCAQ.UP.MA.ZS,..,..,..,94.6921386719,..,..,..,..,..,..,,
Mozambique,MOZ,"Trained teachers in upper secondary education, female (% of female teachers)",SE.SEC.TCAQ.UP.FE.ZS,..,..,..,96.5195236206,..,..,..,..,..,..,,
Mozambique,MOZ,Tuberculosis treatment success rate (% of new cases),SH.TBS.CURE.ZS,85,..,87,88,89,88,90,90,93,..,,,
Mozambique,MOZ,"Tuberculosis case detection rate (%, all forms)",SH.TBS.DTEC.ZS,52,51,53,58,61,60,72,83,87,88,,
Mozambique,MOZ,"Unemployment with advanced education, male (% of male labor force with advanced education)",SL.UEM.ADVN.MA.ZS,..,..,..,..,..,4.5599999428,..,..,..,..,,
Mozambique,MOZ,"Unemployment with basic education, female (% of female labor force with basic education)",SL.UEM.BASC.FE.ZS,..,..,..,..,..,8.9600000381,..,..,..,..,,
Mozambique,MOZ,"Unemployment with basic education, male (% of male labor force with basic education)",SL.UEM.BASC.MA.ZS,..,..,..,..,..,4.3800001144,..,..,..,..,,
Mozambique,MOZ,"Unemployment with advanced education, female (% of female labor force with advanced education)",SL.UEM.ADVN.FE.ZS,..,..,..,..,..,12.9499998093,..,..,..,..,,
Mozambique,MOZ,"Unemployment, total (% of total labor force) (modeled ILO estimate)",SL.UEM.TOTL.ZS,3.25,3.2999999523,3.3499999046,3.4100000858,3.4100000858,3.4300000668,3.3800001144,3.3099999428,3.2400000095,3.1900000572,,
Mozambique,MOZ,"Unemployment, total (% of total labor force) (national estimate)",SL.UEM.TOTL.NE.ZS,..,..,..,..,..,3.4300000668,..,..,..,..,,
Mozambique,MOZ,"Wage and salaried workers, total (% of total employment) (modeled ILO estimate)",SL.EMP.WORK.ZS,11.2299995422,11.7600002289,12.3000001907,12.779999733,13.470000267,14,14.6800003052,15.5,15.7600002289,15.720000267,,
Mozambique,MOZ,"Wage and salaried workers, female (% of female employment) (modeled ILO estimate)",SL.EMP.WORK.FE.ZS,4.3699998856,4.6399998665,4.9099998474,5.0599999428,5.3499999046,5.5999999046,6.0100002289,6.6599998474,6.9699997902,6.8400001526,,
Mozambique,MOZ,"Wage and salaried workers, male (% of male employment) (modeled ILO estimate)",SL.EMP.WORK.MA.ZS,19.1299991608,19.8799991608,20.6299991608,21.3999996185,22.4099998474,23.1399993896,24.1200008392,25.1399993896,25.3500003815,25.3799991608,,
Mozambique,MOZ,"Vulnerable employment, total (% of total employment) (modeled ILO estimate)",SL.EMP.VULN.ZS,85.75,85.3199996948,84.8799991608,84.5899982452,84.0899982452,83.6300010681,82.9700012207,82.0800018311,81.6800022125,81.7299995422,,
Mozambique,MOZ,Women who were first married by age 15 (% of women ages 20-24),SP.M15.2024.FE.ZS,..,14.3,..,..,..,16.8,..,..,..,..,,,
Mongolia,MNG,Access to clean fuels and technologies for cooking (% of population),EG.CFT.ACCS.ZS,34.18,35.57,36.69,38.33,39.82,41.32,42.8,..,..,..,,,
Mongolia,MNG,Access to electricity (% of population),EG.ELC.ACCS.ZS,78.5020804438,72.0570749108,83.4195480347,81.2,85.8513870239,88.0488510132,91.0623703003,93.8436584473,98.1,..,,,
Mongolia,MNG,"Account ownership at a financial institution or with a mobile-money-service provider, older adults (% of population ages 25+)",FX.OWN.TOTL.OL.ZS,..,79.8451385498,..,..,91.3986053467,..,..,95.9744262695,..,..,,
Mongolia,MNG,"Adolescent fertility rate (births per 1,000 women ages 15-19)",SP.ADO.TFRT,23.6306,25.1058,26.581,27.4634,28.3458,29.2282,30.1106,30.993,31.4384,..,,
Mongolia,MNG,Adults (ages 15+) and children (ages 0-14) newly infected with HIV,SH.HIV.INCD.TL,100,100,100,100,100,100,100,100,100,100,,,
Mongolia,MNG,Agricultural land (% of land area),AG.LND.AGRI.ZS,73.5150428693,73.5007337985,73.4235583434,73.3993408687,73.1751589897,72.9902172759,72.9236771309,72.8635713833,72.8416347997,..,,,
Mongolia,MNG,Agricultural irrigated land (% of total agricultural land),AG.LND.IRIG.AG.ZS,..,..,..,..,..,0.0397661854,0.0314369071,0.0317272332,0.032177585,..,,,
Mongolia,MNG,Agricultural land (sq. km),AG.LND.AGRI.K2,1142100.3,1141878,1140679.033,1140302.8,1136820,1136644.1,1135607.9,1134671.9,1134330,..,,,
Mongolia,MNG,Age dependency ratio (% of working-age population),SP.POP.DPND,44.5642046406,45.0696636133,45.7132274767,46.5276739671,47.5205417317,48.6463414211,50.0470069001,51.3858083963,52.6557214433,53.8168448624,,,
Mongolia,MNG,"Air transport, passengers carried",IS.AIR.PSGR,391188,496649.107733126,626469.96653678,585864,683254,529311,537853,602775,670360,744413,,
Mongolia,MNG,CO2 emissions (kg per 2010 US$ of GDP),EN.ATM.CO2E.KD.GD,1.9223809641,2.5495841382,3.7032073568,4.1254944402,2.5974169947,1.9935900966,2.1468309439,..,..,..,,,
Mongolia,MNG,Children (0-14) living with HIV,SH.HIV.0014,..,..,..,..,..,..,..,..,..,..,,,
Mongolia,MNG,"Children in employment, self-employed (% of children in employment, ages 7-14)",SL.SLF.0714.ZS,..,..,2.12,..,..,..,..,..,..,..,
Mongolia,MNG,"Children in employment, female (% of female children ages 7-14)",SL.TLF.0714.FE.ZS,..,..,15.5,12.1769448118,..,..,..,..,..,..,,
Mongolia,MNG,"Children in employment, male (% of male children ages 7-14)",SL.TLF.0714.MA.ZS,..,..,16.5,17.2155760817,..,..,..,..,..,..,,
Mongolia,MNG,"CO2 emissions from electricity and heat production, total (% of total fuel combustion)",EN.CO2.ETOT.ZS,63.038869258,59.9101988454,58.7550901687,59.7534833869,63.8215859031,..,..,..,..,..,,
Mongolia,MNG,CO2 emissions from gaseous fuel consumption (% of total),EN.ATM.CO2E.GF.ZS,0,0,0,0,0,0,0,..,..,..,,,
Mongolia,MNG,"Death rate, crude (per 1,000 people)",SP.DYN.CDRT.IN,6.562,6.468,6.388,6.331,6.296,6.283,6.286,6.299,6.316,..,
Mongolia,MNG,Forest area (% of land area),AG.LND.FRST.ZS,9.1299338294,9.1292167667,9.1284997039,9.1277826412,9.1270655784,9.1046914976,9.1039787051,9.1032659126,9.1025554582,..,,,
Mongolia,MNG,GDP (current US$),NY.GDP.MKTP.CD,7189481824.07288,10409797649.3063,12292770631.1967,12582122604.1921,12226514722.0861,11749620619.5962,11186734674.3847,11425755279.5395,13108769495.7425,13996719329.4097,,,
Mongolia,MNG,HFC gas emissions (thousand metric tons of CO2 equivalent),EN.ATM.HFCG.KT.CE,0,..,..,..,..,..,..,..,..,..,,,
Mongolia,MNG,"Hospital beds (per 1,000 people)",SH.MED.BEDS.ZS,6,6.75,7,..,..,7,7,8,..,..,,
Mongolia,MNG,"Incidence of HIV, all (per 1,000 uninfected population)",SH.HIV.INCD.TL.P3,0.02,0.02,0.02,0.02,0.02,0.02,0.01,0.02,0.01,0.01,
Mongolia,MNG,"Incidence of malaria (per 1,000 population at risk)",SH.MLR.INCD.P3,..,..,..,..,..,..,..,..,..,..,,
Mongolia,MNG,"Incidence of tuberculosis (per 100,000 people)",SH.TBS.INCD,428,428,428,428,428,428,428,428,428,428,,
Mongolia,MNG,Income share held by highest 10%,SI.DST.10TH.10,25.7,26.6,26.2,..,25.5,..,25.6,..,25.7,..,,,
Mongolia,MNG,Income share held by lowest 10%,SI.DST.FRST.10,3.2,3.2,3.1,..,3.3,..,3.3,..,3.3,..,,,
Mongolia,MNG,"Life expectancy at birth, total (years)",SP.DYN.LE00.IN,67.38,67.818,68.217,68.566,68.863,69.111,69.321,69.509,69.689,..,,
Mongolia,MNG,"Life expectancy at birth, female (years)",SP.DYN.LE00.FE.IN,71.597,72.051,72.46,72.816,73.119,73.373,73.588,73.779,73.961,..,,
Mongolia,MNG,"Life expectancy at birth, male (years)",SP.DYN.LE00.MA.IN,63.486,63.895,64.269,64.596,64.873,65.103,65.294,65.465,65.631,..,,
Mongolia,MNG,"Mortality rate, infant (per 1,000 live births)",SP.DYN.IMRT.IN,25.1,23.4,21.7,20.1,18.6,17.3,16.1,15.1,14.2,13.4,
Mongolia,MNG,"Mortality rate, adult, female (per 1,000 female adults)",SP.DYN.AMRT.FE,146.281,141.297,136.314,134.04,131.767,129.494,127.22,124.947,123.173,..
Mongolia,MNG,"Part time employment, total (% of total employment)",SL.TLF.PART.ZS,15.970000267,15.2100000381,18.6700000763,14.2700004578,15.4300003052,15.1899995804,15.6199998856,15.529999733,14.470000267,7.7600002289,,
Mongolia,MNG,"Over-age students, primary, male (% of male enrollment)",SE.PRM.OENR.MA.ZS,18.47332,17.51774,16.39462,12.32413,5.53054,3.34944,3.44641,2.83646,2.09059,..,
Mongolia,MNG,"Population, total",SP.POP.TOTL,2719896,2770362,2824699,2881792,2940108,2998439,3056359,3113779,3170208,3225167,,
Mongolia,MNG,"Population, male",SP.POP.TOTL.MA.IN,1348957,1373062,1399039,1426341,1454225,1482078,1509700,1537056,1563878,1589932,,
Mongolia,MNG,"Population, female",SP.POP.TOTL.FE.IN,1370939,1397300,1425660,1455451,1485883,1516361,1546659,1576723,1606330,1635235,,
Mongolia,MNG,"Primary education, duration (years)",SE.PRM.DURS,5,5,5,5,5,5,5,5,5,5,,
Mongolia,MNG,"Primary completion rate, total (% of relevant age group)",SE.PRM.CMPT.ZS,..,..,..,..,..,98.128868103,92.9931182861,91.5074386597,101.7796478271,..,,
Mongolia,MNG,"Primary completion rate, female (% of relevant age group)",SE.PRM.CMPT.FE.ZS,..,..,..,..,..,97.6323623657,92.6269836426,90.4536819458,101.8847808838,..,,
Mongolia,MNG,"Primary completion rate, male (% of relevant age group)",SE.PRM.CMPT.MA.ZS,..,..,..,..,..,98.6153182983,93.3517837524,92.5392608643,101.6767501831,..,,
Mongolia,MNG,Ratio of female to male labor force participation rate (%) (national estimate),SL.TLF.CACT.FM.NE.ZS,83.7474881229,82.6648625981,84.2742554296,82.3924309516,82.3760534814,81.6903527032,81.468368956,82.2659336026,77.0765573504,78.1679851208,,,
Mongolia,MNG,Ratio of female to male labor force participation rate (%) (modeled ILO estimate),SL.TLF.CACT.FM.ZS,81.6658977084,81.1718630593,82.4873511282,81.1206763739,80.79341131,80.0000011353,79.616195805,79.9041652976,75.6182209135,77.9295800437,,,
Mongolia,MNG,Rural population,SP.RUR.TOTL,882144,887541,903056,919378,936042,952604,968957,985106,1000359,1014541,,,
Mongolia,MNG,Rural population growth (annual %),SP.RUR.TOTL.ZG,-1.2883915416,0.6099409479,1.7329849532,1.7912787439,1.7962992829,1.7538940126,1.7020947869,1.6529014334,1.5364964962,1.4077357889,,,
Mongolia,MNG,"School enrollment, primary and secondary (gross), gender parity index (GPI)",SE.ENR.PRSC.FM.ZS,1.0240299702,..,..,..,..,..,..,..,..,..,
Mongolia,MNG,"School enrollment, primary, female (% gross)",SE.PRM.ENRR.FE,124.2934799194,120.5935592651,115.1140289307,107.1282806396,100.3013763428,99.4393615723,101.7824401855,101.7597732544,102.7896194458,..,
Mongolia,MNG,"School enrollment, primary, male (% gross)",SE.PRM.ENRR.MA,127.1767807007,123.5531387329,118.4387664795,110.2238235474,102.3462371826,101.2655105591,104.1315002441,104.0825805664,105.263092041,..,
Mongolia,MNG,"Secondary education, teachers",SE.SEC.TCHR,19043,..,..,..,20908,20875,21753,21709,21234,..,,
Mongolia,MNG,Total greenhouse gas emissions (kt of CO2 equivalent),EN.ATM.GHGT.KT.CE,24860.3781081674,..,..,..,..,..,..,..,..,..,,,
Mongolia,MNG,Trained teachers in upper secondary education (% of total teachers),SE.SEC.TCAQ.UP.ZS,..,..,..,..,..,..,..,..,..,..,,,
Mongolia,MNG,"Trained teachers in upper secondary education, male (% of male teachers)",SE.SEC.TCAQ.UP.MA.ZS,..,..,..,..,..,..,..,..,..,..,,
Mongolia,MNG,"Trained teachers in upper secondary education, female (% of female teachers)",SE.SEC.TCAQ.UP.FE.ZS,..,..,..,..,..,..,..,..,..,..,,
Mongolia,MNG,Tuberculosis treatment success rate (% of new cases),SH.TBS.CURE.ZS,91,90,88,89,86,85,90,91,91,..,,,
Mongolia,MNG,"Tuberculosis case detection rate (%, all forms)",SH.TBS.DTEC.ZS,38,36,34,35,36,36,34,32,29,31,,
Mongolia,MNG,"Unemployment with advanced education, male (% of male labor force with advanced education)",SL.UEM.ADVN.MA.ZS,6.3600001335,4.5799999237,4.75,4.3099999428,4.4499998093,6.3299999237,9.3699998856,6.9299998283,6.8000001907,8.2299995422,,
Mongolia,MNG,"Unemployment with basic education, female (% of female labor force with basic education)",SL.UEM.BASC.FE.ZS,4.3400001526,3.9100000858,2.7799999714,3.3800001144,3.0699999332,2.6199998856,3.1700000763,2.9100000858,2.5199999809,8.8000001907,,
Mongolia,MNG,"Unemployment with basic education, male (% of male labor force with basic education)",SL.UEM.BASC.MA.ZS,5.9800000191,4.4299998283,3.7999999523,3.0699999332,4.2600002289,3.4600000381,4.6599998474,3.3199999332,3.25,8.8999996185,,
Mongolia,MNG,"Unemployment with advanced education, female (% of female labor force with advanced education)",SL.UEM.ADVN.FE.ZS,6.3699998856,4.5700001717,3.8499999046,5.8499999046,4.5100002289,5.3299999237,6.0100002289,7.0500001907,4.8899998665,6.5399999619,,
Mongolia,MNG,"Unemployment, total (% of total labor force) (modeled ILO estimate)",SL.UEM.TOTL.ZS,6.5500001907,4.7699999809,3.9100000858,4.2300000191,4.8000001907,4.8600001335,7.2399997711,6.3600001335,5.3800001144,5.3099999428,,
Mongolia,MNG,"Unemployment, total (% of total labor force) (national estimate)",SL.UEM.TOTL.NE.ZS,6.5500001907,4.7699999809,3.9000000954,4.2300000191,4.8000001907,4.8600001335,7.2399997711,6.3600001335,5.3800001144,10.029999733,,
Mongolia,MNG,"Wage and salaried workers, total (% of total employment) (modeled ILO estimate)",SL.EMP.WORK.ZS,42.7000007629,44.2200012207,47.7000007629,49.2900009155,49.7299995422,49.2799987793,51.7000007629,49.9000015259,51.1199989319,51.4700012207,,
Mongolia,MNG,"Wage and salaried workers, female (% of female employment) (modeled ILO estimate)",SL.EMP.WORK.FE.ZS,47.1100006104,47.2099990845,49.7400016785,51.9799995422,52.8300018311,51.7299995422,54.4700012207,53.5800018311,54.0600013733,54.4099998474,,
Mongolia,MNG,"Wage and salaried workers, male (% of male employment) (modeled ILO estimate)",SL.EMP.WORK.MA.ZS,38.9500007629,41.7099990845,45.9399986267,47.0299987793,47.1100006104,47.2200012207,49.3400001526,46.7700004578,48.6199989319,48.9599990845,,
Mongolia,MNG,"Vulnerable employment, total (% of total employment) (modeled ILO estimate)",SL.EMP.VULN.ZS,56.1000003815,54.5199995041,51.4300017357,49.5700011253,48.689999342,49.3799990416,46.8099994659,49.1200017929,47.4100008011,47.1200003624,,
Mongolia,MNG,Women who were first married by age 15 (% of women ages 20-24),SP.M15.2024.FE.ZS,..,..,..,0.1,..,..,..,..,0.9,..,,,
,,,,,,,,,,,,,,,,
,,,,,,,,,,,,,,,,
,,,,,,,,,,,,,,,,
Data from database: World Development Indicators,,,,,,,,,,,,,,,,
Last Updated: 03/19/2021,,,,,,,,,,,,,,,,
